Text,MediaLink,MediaType,ReactionsCount,SharesCount,Comments,Comments_count
"Top 10 Most Popular Open-Source Databases  This list is based on factors like adoption, industry impact, and the general awareness of the database among the developer community.  1 - MySQL 2 - PostgreSQL 3 - MariaDB 4 - Apache Cassandra 5 - Neo4j 6 - SQLite 7 - CockroachDB 8 - Redis 9 - MongoDB 10 - Couchbase  Over to you: Which other database would you add to this list?-- Subscribe to our weekly newsletter to get a Free System Design PDF (158 pages): https://bit.ly/3KCnWXqhashtag#systemdesign hashtag#coding hashtag#interviewtips .







    Voir la traduction",https://media.licdn.com/dms/image/D4E22AQEXNSisUGNLHQ/feedshare-shrink_800/0/1718207113929?e=1723075200&v=beta&t=_GGgPS3W0bIVRek8neI4U8TytkzvDCCjFC5l1TRTwtg,Image,2440,378,"[{'comment': 'Great list! Another open-source database to consider is Elasticsearch, especially for search and analytics use cases.', 'replies': [""DataDiveinc to me . I prefer not to include elasticsearch as database is because of the nature to do log analytics. Despite being able to stores(similar with nosql way) things i don't want to get mixed up with. Therefore, lets not include it.""], 'replies_count': 1}, {'comment': ""Great list! Itâ€™s impressive to see the variety and strength of open-source databases available today. If I were to add another database to this list, it would be Elasticsearch.Elasticsearch is a powerful, distributed, RESTful search and analytics engine capable of solving a growing number of use cases. It's particularly known for its real-time search capabilities and scalability, making it a favorite for full-text search, log and event data analytics, and more."", 'replies': None, 'replies_count': 0}, {'comment': 'In the Distributed SQL space CockroachDB is not 100% Open Source. hashtag#YugabyteDB is fully open-source under the\xa0Apache 2.0 license. Plus other advantages!', 'replies': None, 'replies_count': 0}, {'comment': 'Is Redis still open-source?', 'replies': ['David Sagang (LION) thought the same'], 'replies_count': 1}, {'comment': 'Thanks for sharing, but imo the animation in this figure is very unnecessary and distracting. It would be nice to see more thoughtful animations, and for many times, more animation does not mean clearer illustration.', 'replies': None, 'replies_count': 0}, {'comment': 'For Unity projects, we use LMDB (https://en.m.wikipedia.org/wiki/Lightning_Memory-Mapped_Database) We donâ€™t talk about it much, but thatâ€™s part of what powers Unityâ€™s AssetDatabase.', 'replies': None, 'replies_count': 0}, {'comment': 'this presentation of hashtag#mariadb raises so many questions : is not offering full rdbms feature just as postgre? is it not acid compliant as postgre ?is there no full text search as in  mysql ?how is the fact it has been forked from mysql relevant ?does it not offer strong consistency as mysql ?if i was too choose an rdbms for my company based from this presentation i would not consider mariadb as a valid choice while in reality it is just as good as mysql or postgreql.', 'replies': None, 'replies_count': 0}, {'comment': 'Adding my 2 cents here- InfluxDB: For time-series data (sensor readings, metrics)Elasticsearch: For searching and analyzing large datasetsApache Kafka: For real-time streaming data pipelines', 'replies': ['Cloudairy thanks for sharing '], 'replies_count': 1}, {'comment': 'Great list, Alex Xu!Add on:- TiDB: An open-source NewSQL database that supports Hybrid Transactional and Analytical Processing workloads.', 'replies': None, 'replies_count': 0}, {'comment': 'I would say ""Open-Source Database Management Systems"" instead of ""Open-Source Databases""', 'replies': [""FranÃ§ois Jacquenet If the database itself is open source, you've got security problems.  ğŸ˜„ ""], 'replies_count': 1}, {'comment': 'PostgreSQL has ""SQL query support"". Not sure how many brain cells I lost when reading this.', 'replies': ['Alex Lawrence would it help to know that MySQL is missing this feature?'], 'replies_count': 1}, {'comment': 'Great idea! Thanks for this valuable repost, Bhuvaneswari Subramani! We stand by you in developing a community of leading thinkers. ğŸ’œ ğŸ’œ ğŸ’œ', 'replies': None, 'replies_count': 0}, {'comment': 'Any 2 of these skills make you current and invaluable in tech. CHECK if you are paid correctly using https://techworth.trueselfy.com ', 'replies': None, 'replies_count': 0}, {'comment': 'Oracle has plans for MySQL ğŸ¤” https://www.percona.com/blog/is-oracle-finally-killing-mysql/', 'replies': None, 'replies_count': 0}, {'comment': 'This list includes essential open source databases. Great share Alex XuCrackInterview', 'replies': None, 'replies_count': 0}, {'comment': 'What about Valkey?https://valkey.io/', 'replies': None, 'replies_count': 0}, {'comment': ""It seems you don't like ClickHouse :)"", 'replies': None, 'replies_count': 0}, {'comment': 'Which one is better for web applications? And why?', 'replies': None, 'replies_count': 0}, {'comment': 'Hiceyo3y', 'replies': None, 'replies_count': 0}, {'comment': 'WOw I did not know Neo4j is opensource.', 'replies': None, 'replies_count': 0}, {'comment': 'You can add Apache DRUID (druid.apache.org) - Time Series , Analytics database ', 'replies': None, 'replies_count': 0}, {'comment': 'I used WAMP successfully 21 years ago (Windows, Apache, MySQL, PHP)', 'replies': None, 'replies_count': 0}, {'comment': 'Cockroach db what a name ğŸ˜‚', 'replies': None, 'replies_count': 0}, {'comment': 'Very helpful!', 'replies': None, 'replies_count': 0}, {'comment': 'Nicely constructed!', 'replies': None, 'replies_count': 0}, {'comment': 'Apache druid for time series data.', 'replies': None, 'replies_count': 0}, {'comment': 'Your list captures the essential tools every developer should be familiar with, Alex Xu', 'replies': None, 'replies_count': 0}, {'comment': ""Great list! Personally, I've found MongoDB to be incredibly versatile for various projects. Thanks for sharing this, Alex"", 'replies': None, 'replies_count': 0}, {'comment': ""Great list! Can't wait to see what suggestions others have. ğŸ”"", 'replies': None, 'replies_count': 0}, {'comment': 'MySQL + PostgreSQL + MariaDB + Apache Cassandra + Neo4j + SQLite + CockroachDB + Redis + MongoDB + Couchbase = Database Heaven! ', 'replies': None, 'replies_count': 0}, {'comment': ""Thanks for sharing, it's useful as always!"", 'replies': None, 'replies_count': 0}, {'comment': 'I take screenshot of every post by Alex Hu', 'replies': None, 'replies_count': 0}, {'comment': 'Alex Xu Would you be so kind as to share the tool you use to create these nice-looking diagrams?', 'replies': None, 'replies_count': 0}, {'comment': 'Very helpful!', 'replies': None, 'replies_count': 0}, {'comment': 'In the SQL scope I would add SurrealDB', 'replies': None, 'replies_count': 0}, {'comment': 'Love this', 'replies': None, 'replies_count': 0}, {'comment': 'Very informative', 'replies': None, 'replies_count': 0}, {'comment': 'clickhouse', 'replies': None, 'replies_count': 0}, {'comment': 'Very helpful!', 'replies': None, 'replies_count': 0}, {'comment': 'Thanks for sharing detail info.', 'replies': None, 'replies_count': 0}, {'comment': 'Great list! Influx and Scylla I would like to add ', 'replies': None, 'replies_count': 0}, {'comment': 'Insightful!', 'replies': None, 'replies_count': 0}, {'comment': 'DuckDB', 'replies': None, 'replies_count': 0}, {'comment': 'Insightful!', 'replies': None, 'replies_count': 0}, {'comment': 'Maggie Veen ', 'replies': None, 'replies_count': 0}, {'comment': 'Steve Rodriguez', 'replies': None, 'replies_count': 0}]",46
"ChÃ¨re rÃ©seau LinkedIn,J'ai l'honneur de partager avec vous un aperÃ§u de notre projet de fin d'annÃ©e, rÃ©alisÃ© en collaboration avec mon binÃ´me, Oussama Chaabene. Sous la supervision de Mr Mohamed Ali Hadj Taieb, nous avons dÃ©veloppÃ© une solution de traitement et d'analyse de donnÃ©es en temps rÃ©el pour des transactions simulÃ©es d'un site e-commerce.Notre projet vise Ã  dÃ©montrer comment une architecture de traitement de donnÃ©es en flux peut fournir des insights prÃ©cieux en temps rÃ©el sur les transactions et le comportement des utilisateurs d'une plateforme e-commerce.Je tiens Ã  remercier mon binÃ´me, Oussama Chaabene, et notre encadrant, Mr Mohamed Ali Hadj Taieb, pour leur soutien et leur collaboration tout au long de ce projet.",None,pdf_images,24,0,"[{'comment': 'Congratulations ', 'replies': None, 'replies_count': 0}, {'comment': 'Nice to work with you mate â¤ï¸ â¤ï¸', 'replies': None, 'replies_count': 0}, {'comment': 'Great job, keep going ', 'replies': None, 'replies_count': 0}, {'comment': 'FÃ©licitations\xa0!', 'replies': None, 'replies_count': 0}]",4
,https://media.licdn.com/dms/image/D4D22AQGvZh7Gt0WmTg/feedshare-shrink_2048_1536/0/1717598826012?e=1723075200&v=beta&t=XomLVOcLA3qadgrqvgsxSU7cVUxsz1wNRkiUBY21cDM,Image,2,0,[],0
"Discover the Right Database for Your Needs!For any data-driven professional, understanding the different types of databases is crucial. Without this knowledge, you run the risk of making costly mistakes. Here is a quick guide to help you navigate the unique characteristics of each category:==============================Updated infographic on popular demand.==============================ğŸ”¶ Relational Databasesâ¯â¯â¯â¯â¯â¯â¯â¯â¯â¯â¯â‡ï¸ Description: Store data in tables with predefined schemas and relationships between them.â‡ï¸ Examples: SQL Server, PostgreSQL, OracleğŸ”¶ NoSQL Databasesâ¯â¯â¯â¯â¯â¯â¯â¯â¯â¯â‡ï¸ Document Stores: Store data as documents, often in JSON or BSON format. Examples: MongoDB, CouchDBâ‡ï¸ Key-Value Stores: Store data as key-value pairs for fast retrieval. Examples: Redis, DynamoDB, Riakâ‡ï¸ Columnar Databases: Store data in columns instead of rows, optimised for analytical queries. Examples: Apache Cassandra, HBaseâ‡ï¸ Graph Databases: Store data as graphs, managing entities and their relationships. Examples: Neo4j, Amazon Neptuneâ‡ï¸ Time Series Databases: Optimised for handling time-stamped or time-series data. Examples: InfluxDB, TimescaleDBâ‡ï¸ Object-oriented Databases: Store data as objects used in object-oriented programming. Examples: ObjectDB, db4oğŸ”¶ Specialised Databasesâ¯â¯â¯â¯â¯â¯â¯â¯â¯â¯â¯â¯â‡ï¸ In-Memory Databases: Store data primarily in memory for fast data retrieval. Examples: Redis, SAP HANA, Memcachedâ‡ï¸ Vector Databases: Designed to store efficiently, index, and search high-dimensional vectors. Examples: FAISS, Annoy, Milvus, PineconeEach type has strengths and use cases, so choosing the right one for your needs is essential. Which database type do you find most exciting or use frequently in your projects?hashtag#DataScience hashtag#Database hashtag#BigData hashtag#NoSQL hashtag#RelationalDatabases hashtag#MachineLearning







    Voir la traduction",https://media.licdn.com/dms/image/D5622AQHn1Kuxh2XWEA/feedshare-shrink_800/0/1716899633677?e=1723075200&v=beta&t=LrRB7qDZF2Aw8so3Y4ulWNQQbBiEsrQPmb90BkziMGc,Image,1034,187,"[{'comment': 'Essential Data Pipeline Tasks: https://www.linkedin.com/posts/mr-deepak-bhardwaj_dataengineering-datapipeline-datavalidation-activity-7200835656246333440-Wpo0', 'replies': None, 'replies_count': 0}, {'comment': 'Data Science Learning Path: https://www.linkedin.com/posts/mr-deepak-bhardwaj_datascience-learningpath-machinelearning-activity-7197944095774810112-0CKE', 'replies': None, 'replies_count': 0}, {'comment': 'Cloud Migration Strategies: https://www.linkedin.com/posts/mr-deepak-bhardwaj_cloudmigration-6rframework-digitaltransformation-activity-7199023714565304321-Kwps', 'replies': None, 'replies_count': 0}, {'comment': 'Data Patterns and Practices: https://www.linkedin.com/posts/mr-deepak-bhardwaj_data-patterns-and-practices-activity-7184540119985516545-9F5C', 'replies': None, 'replies_count': 0}, {'comment': 'Protect your data from exfiltration attacks: https://www.linkedin.com/posts/mr-deepak-bhardwaj_datasecurity-cloudstorage-cybersecurity-activity-7197219326532149250-vgim', 'replies': None, 'replies_count': 0}, {'comment': 'Architecture refactoring techniques: https://www.linkedin.com/posts/mr-deepak-bhardwaj_softwarearchitecture-refactoring-microservices-activity-7196843834163523584-n9aF', 'replies': None, 'replies_count': 0}, {'comment': 'Splendid share on discovering the right database specially for the data professionals working with weird kind of dataâ€¦ this is an amazing infographic curated compiling various databases to explore and choose the right one as per the use caseâ€¦ Deepak Bhardwaj', 'replies': ['POOJA JAIN, thank you! '], 'replies_count': 1}, {'comment': 'Great summary of database types, Deepak Bhardwaj! Thanks for sharing!', 'replies': ['Gina Acosta GutiÃ©rrez, thank you! '], 'replies_count': 1}, {'comment': 'Hey Deepak, fantastic breakdown of database types!', 'replies': ['Sammy B., thank you ğŸ™'], 'replies_count': 1}, {'comment': 'Very helpful!', 'replies': ['Iâ€™m glad you found it helpful!'], 'replies_count': 1}, {'comment': '""In Memory"" is not really a TYPE of database, but WHERE you store the data. ', 'replies': None, 'replies_count': 0}, {'comment': 'Postgres added vector storage features (pgvector) as well. It already had document support.', 'replies': None, 'replies_count': 0}, {'comment': 'Really nice breakdown - thank you for simplifying databases for us!', 'replies': None, 'replies_count': 0}, {'comment': 'Deepak Bhardwaj, We also have SingleStore Which is a one-stop shop for 1,4,8 and 9.', 'replies': None, 'replies_count': 0}, {'comment': 'Great Insight as well as the way shown ğŸ˜ ', 'replies': None, 'replies_count': 0}, {'comment': 'Very informativeNosql database', 'replies': None, 'replies_count': 0}, {'comment': 'Everyone talks about Vector Database nowadays', 'replies': None, 'replies_count': 0}, {'comment': 'Nice, is it visualized using Cloudary ?', 'replies': None, 'replies_count': 0}, {'comment': 'Blockchain', 'replies': None, 'replies_count': 0}, {'comment': 'Very informative, thanks for sharing', 'replies': None, 'replies_count': 0}, {'comment': 'Thanks for sharing Deepak Bhardwaj ', 'replies': None, 'replies_count': 0}, {'comment': 'Gilson Dias.', 'replies': None, 'replies_count': 0}, {'comment': 'Good to know!', 'replies': None, 'replies_count': 0}, {'comment': 'Great share ', 'replies': None, 'replies_count': 0}]",24
"Basic understanding of of DAG in Spark....DAG in Spark---It is a fundamental concept in the execution model of Spark's processing engine.D-Directed A-Acyclic G-GraphA DAG is created to represent the sequence of transformations(Narrow & Wide) that need to be executed. Spark's Catalyst optimizer then optimizes this DAG to minimize the amount of data movement and computation needed.Default Directed Acyclic Graph (DAG) workflow in Streaming Engine--1st  Image - Stage(0->1) Dag Processing.  -- Single Layer Workflow2nd Image - Stage(0->n) Dag Processing.  -- Multi Layer Workflow







    Voir la traduction",https://media.licdn.com/dms/image/D4D22AQHobXlN9SdIww/feedshare-shrink_800/0/1691390017025?e=1723075200&v=beta&t=iwJ3AlG2QcEmF5ejTmX4sMM5sDbhCN-Cmkkwuw3mw8M,Image,3,0,[],0
"Today, let's explore different types of algorithms that help machines uncover patterns and make predictions, even without explicit instructions.ğŸ­. ğ—¦ğ˜‚ğ—½ğ—²ğ—¿ğ˜ƒğ—¶ğ˜€ğ—²ğ—± ğ—Ÿğ—²ğ—®ğ—¿ğ—»ğ—¶ğ—»ğ—´: Imagine teaching a child to differentiate between fruits and vegetables by showing them examples. Supervised learning works similarly, where the computer is taught with data that is already labeled. It's like having a guide while exploring a new city!- Classification: It's about putting things into categories. For example, deciding if an email is spam or not is a classification problem. - Regression: This is about predicting numbers, like forecasting sales for the next month.ğŸ®. ğ—¨ğ—»ğ˜€ğ˜‚ğ—½ğ—²ğ—¿ğ˜ƒğ—¶ğ˜€ğ—²ğ—± ğ—Ÿğ—²ğ—®ğ—¿ğ—»ğ—¶ğ—»ğ—´: Now, imagine trying to organize a box of toys without knowing what they are. Unsupervised learning is when the machine tries to make sense of data without any labels, discovering hidden patterns on its own.- Clustering: It's like finding groups of friends in a crowd based on their interests. - Association: This helps in identifying items that often go together, like bread and butter.ğŸ¯. ğ—¦ğ—²ğ—ºğ—¶-ğ—¦ğ˜‚ğ—½ğ—²ğ—¿ğ˜ƒğ—¶ğ˜€ğ—²ğ—± ğ—Ÿğ—²ğ—®ğ—¿ğ—»ğ—¶ğ—»ğ—´: This is a mix of the above two. Think of it as learning to cook with some recipes and sometimes experimenting on your own. It uses both labeled and unlabeled data for training.ğŸ°. ğ—¥ğ—²ğ—¶ğ—»ğ—³ğ—¼ğ—¿ğ—°ğ—²ğ—ºğ—²ğ—»ğ˜ ğ—Ÿğ—²ğ—®ğ—¿ğ—»ğ—¶ğ—»ğ—´: Imagine teaching a dog new tricks by rewarding it with treats. Reinforcement learning works by rewarding the machine for correct decisions, helping it learn through trial and error.Whether it's automating tasks, making predictions, or improving decision-making, machine learning is reshaping how we interact with technology every day!â¡ Stay tuned and make sure to follow us at Data and AI Central ğŸš€ for more FREE resources!hashtag#datascience hashtag#python hashtag#data hashtag#machinelearning hashtag#ai hashtag#artificialintelligence hashtag#programming hashtag#analytics hashtag#coding hashtag#tech hashtag#technology







    Voir la traduction",https://media.licdn.com/dms/image/D4E22AQHX394TW2hG8Q/feedshare-shrink_800/0/1716467512487?e=1723075200&v=beta&t=WXayzGvI3C08Yy618ZvG0tgX4tosgvHycgn3XYOFS8U,Image,210,66,"[{'comment': "" Exploring the different types of algorithms in machine learning is truly fascinating. It's amazing how machines can learn and uncover patterns all on their own. Loved the attachment. Epitome of creativity!  Thanks for sharing this insightful post Data and AI Central"", 'replies': None, 'replies_count': 0}, {'comment': 'Love this. Thanks for sharing. ', 'replies': None, 'replies_count': 0}, {'comment': 'Thanks for sharing this great breakdown of different types of ML algorithms!', 'replies': None, 'replies_count': 0}, {'comment': 'Luiz Fernando Moloni , Caio Bonani Carvalho ', 'replies': None, 'replies_count': 0}]",4
"A fantastic visual demonstration of CNNs (Convolutional Neural Networks) and how they work! ğŸ§ This video shows that making an image smaller doesn't always mean you lose important details. It's impressive that even though the image is much smaller, we can clearly see it shows a dog.This means if only about 25% of the starting image has enough clues to figure out what it is, we can just focus on that part. This way, we don't have to work with the whole image in CNNs, which makes things simpler and faster.ğŸ‘‰ Follow Gina Acosta GutiÃ©rrez ğŸ‘©ğŸ»â€ğŸ’» for more!â¡ Get the latest AI insights, tools, tutorials and guides on using popular AI tools for FREE here: https://lnkd.in/d9rV2Mpmhashtag#python hashtag#data hashtag#machinelearning hashtag#ai hashtag#artificialintelligence hashtag#programming hashtag#coding hashtag#tech







    Voir la traduction",https://media.licdn.com/dms/image/D4E05AQEQHfVpNnldFA/videocover-high/0/1716122570891?e=1720713600&v=beta&t=dct_7BLyil8uPTDOKXdWBDAMkXlYJGZ6E29hU5YMico,Video,4620,410,"[{'comment': 'Very cool demonstration od Convolutional Neural Networks, Gina Acosta GutiÃ©rrez!Thanks for sharing!', 'replies': ['Thanks for the support, T. Scott Clendaniel!', 'T. Scott Clendaniel thank you for sending us this cool graphic'], 'replies_count': 2}, {'comment': 'This is one of the most famous, and simple explanation Gina Acosta GutiÃ©rrez', 'replies': ['Glad you like it, Muhammad Tausif!', ""The fact that it's famous shows how effective a lesson it is.  That's why I love stories of entrepreneuers""], 'replies_count': 2}, {'comment': 'Simply explained ğŸ˜', 'replies': ['Thank you, Alexandre Zajac!', 'What gets you excited about AI Alexandre Zajac ?'], 'replies_count': 2}, {'comment': ""Amazing visual demonstration of CNNs! It's incredible to see how reducing image size can still retain essential details. Great share Gina Acosta GutiÃ©rrez"", 'replies': ['Thank you, Chandresh Desai! Glad you like it!', 'why do you think this happens? It seems you need a lot of architectural knowledge to understand this'], 'replies_count': 2}, {'comment': 'Great visual representation of Convolutional Neural Networks. Thanks for sharing Gina Acosta GutiÃ©rrez ', 'replies': ['Thank you, Leon Jose! Glad you like it!', ""That's great to see you are learning Leon Jose""], 'replies_count': 2}, {'comment': 'Very nice visualisation of the concept Gina Acosta GutiÃ©rrez. Thanks for sharing.', 'replies': ['Glad you like it, Andy Werdin!', 'How do you think CNNs will help analsts in their career?'], 'replies_count': 2}, {'comment': 'Thanks Gina Acosta GutiÃ©rrez for sharing this visual demonstrations for understanding CNN in better way', 'replies': ['Glad you like it, Mandar Patil!'], 'replies_count': 1}, {'comment': 'Great visualization with simple explanation, Gina:)', 'replies': ['Thank you, Venkata!'], 'replies_count': 1}, {'comment': 'Awesome explanation Gina Acosta GutiÃ©rrez ! ğŸ‘Œ ', 'replies': ['Thank you, Daniel Moka!'], 'replies_count': 1}, {'comment': 'Well. I do not like to be toxic person, but I would dare to oppose. Because the key part of the CNN is the convolution kernel that is being learned (so it can learn some fine-tuned edge detectors, feature detectors, etc.), which in this case would never happen and it does just down-scaling of the image. So if it is a CNN, it is very badly trained.', 'replies': [""I've been seeing this same post for years, with the same video, I never said anything so as not to hurt anyone because it means not having understood the convolution even a little""], 'replies_count': 1}, {'comment': 'To me it looks more like downsampling than a CNN...', 'replies': ['Wojciech Orzechowski CNN is probably like a buzzword right now, with the AI hype.'], 'replies_count': 1}, {'comment': 'In fact this is a very old demonstration of plain and simple image downsampling which existed long before cnns. ', 'replies': None, 'replies_count': 0}, {'comment': 'Convolutions are not aimed at downscaling, as pointed out by KryÅ¡tof ChotaÅ¡.  Shredding the image, like the illustration, is the equivalent of ""pooling"" in CNN.  A weird pooling scheme of size [1x2] with stride=2, constantly sampling from the left cell (0,1) to generate one image.  Likewise, another pooling operator samples only from the right cell (0,2) to develop the second image.', 'replies': None, 'replies_count': 0}, {'comment': 'People need to check their eyesight before praising these optical illusions. After shredding, the first photo generated 11 strips which is an odd number. 22 strips (Even number) were used here to make 2 photos. From where did an additional 11 strips come? Certainly 2 photos were used which were not shown in the video to make us fool. And the same story goes for creating the 4 photos. The problem is that people have stopped using their logical sense to analyse any post/ video. ', 'replies': None, 'replies_count': 0}, {'comment': 'This is simply not an accurate demonstration. I fail to make the connection to a CNN and I am quite frankly shocked by the comment section not pointing this out.', 'replies': ['Marius Rusu I mean the top comment is calling it out'], 'replies_count': 1}, {'comment': 'No it is not fantastic. It is simplifying to the point it is not true. Also the concludson is wrong. If you make a picture smaller you do lose detail. It does not matter that you like or recognize dogs. Simplification is mifseading. It is pleasant for the lazy minded.', 'replies': None, 'replies_count': 0}, {'comment': ""I don't think it says anything about Convolutional Neural Networks.Convolutional Neural Network use all input data, not only part of it, it just aggregates information into smaller deep layers. One could say as well that this explains logistic regression or random forest where each feature is some aggregation of groups of neighbouring pixels.It is more a point about compression."", 'replies': None, 'replies_count': 0}, {'comment': ""This video is creative and artistic, but it doesn't directly illustrate how CNNs work. Instead, it can be seen as an example of concepts like pooling, downsampling, or sliding windows, where parts of an image are used to create new representations without losing essential details."", 'replies': None, 'replies_count': 0}, {'comment': ""I don't get how this relates to CNNs I'm too dumb I guess ğŸ˜‚, but it sure is a great demonstration of aliasing when downsampling without low-pass filtering first isn't it"", 'replies': None, 'replies_count': 0}, {'comment': 'I wish there was a cat , since cnn evolved from that cat experiment  in 1960 haha ', 'replies': None, 'replies_count': 0}, {'comment': ""It's pretty wild to think that a computer can identify a pup in a pic using just a quarter of the data. Goes to show that sometimes less is more, especially when it comes to crunching numbers in machine learning."", 'replies': None, 'replies_count': 0}, {'comment': 'In the same category here is a fantastic simple view of what  pachydermes look like. A sort of. Follow how to draw complex animals 123 for everyone for more!  And subscribe.', 'replies': None, 'replies_count': 0}, {'comment': '""Look how they massacred my boy.""', 'replies': None, 'replies_count': 0}, {'comment': 'Impressive visual demo of CNNs! Fascinating how smaller images can still retain important details. Focusing on just 25% of the image can simplify and speed up the process. Insightful! Gina Acosta GutiÃ©rrez', 'replies': None, 'replies_count': 0}, {'comment': 'Looks like even dogs are getting smaller these days! ğŸ˜‚ hashtag#CNNs hashtag#machinelearning', 'replies': None, 'replies_count': 0}, {'comment': 'This feels more like just regular downscaling, but okay ', 'replies': None, 'replies_count': 0}, {'comment': 'Great example. I believe a first grader gets it ğŸ‘', 'replies': None, 'replies_count': 0}, {'comment': ""This is wrong. CNNs don't work this way"", 'replies': None, 'replies_count': 0}, {'comment': 'Loved this! Attaching another resource:https://web.eecs.umich.edu/~honglak/icml09-ConvolutionalDeepBeliefNetworks.pdf', 'replies': None, 'replies_count': 0}, {'comment': 'ğŸ˜Œ pooling in action. Wish we could learn ai models like this.. ', 'replies': None, 'replies_count': 0}, {'comment': 'Nice. It also explains how display pixels work.', 'replies': None, 'replies_count': 0}, {'comment': 'Hello, it would be nice to acknowledge the original artist: Kensuke Koike ', 'replies': None, 'replies_count': 0}, {'comment': 'Highlighting the efficiency and focus of CNNs with smaller image processing.', 'replies': None, 'replies_count': 0}, {'comment': ""Very cool demonstration of subsampling but that's a small part of what happens in a  CNN."", 'replies': None, 'replies_count': 0}, {'comment': 'I feel like this is how twins , triplets and quadruplets are made ğŸ§', 'replies': None, 'replies_count': 0}, {'comment': 'Wish I had seen this before getting knee deep into CNNs, love this!', 'replies': None, 'replies_count': 0}, {'comment': 'Unlabeled Data / Unsupervised ML explained very well. âœ¨ï¸', 'replies': None, 'replies_count': 0}, {'comment': 'This is mesmerising Gina Acosta GutiÃ©rrez!', 'replies': None, 'replies_count': 0}, {'comment': 'Excellent illustration dear Gina Acosta GutiÃ©rrez Thankyou so much for sharing ', 'replies': None, 'replies_count': 0}, {'comment': 'Interesting demonstration. Feels surreal :)', 'replies': None, 'replies_count': 0}, {'comment': 'Thank you Gina! For a visual learner this is so helpful!', 'replies': None, 'replies_count': 0}, {'comment': 'Your visualisation has been incredible Gina Acosta GutiÃ©rrez ', 'replies': None, 'replies_count': 0}, {'comment': 'Great explanation ğŸ‘ğŸ¼', 'replies': None, 'replies_count': 0}, {'comment': 'Great visual explanation! Thank you for breaking down CNNs so clearly, Gina Acosta GutiÃ©rrez. ', 'replies': None, 'replies_count': 0}, {'comment': 'Nice visualization, but not even close to CNN ğŸ˜‚', 'replies': None, 'replies_count': 0}, {'comment': 'Perfectly explained, amazing, ğŸ‘ğŸ‘ğŸ‘', 'replies': None, 'replies_count': 0}, {'comment': 'This is insightful ğŸ˜€ ', 'replies': None, 'replies_count': 0}, {'comment': 'easily understandable', 'replies': None, 'replies_count': 0}, {'comment': 'Wawooo', 'replies': None, 'replies_count': 0}, {'comment': '@', 'replies': None, 'replies_count': 0}, {'comment': 'ğŸ‘ğŸ‘ğŸ‘', 'replies': None, 'replies_count': 0}, {'comment': 'Mushfiq Rahman image compression with lossy method i.e. resolution decrease while color depth intact', 'replies': None, 'replies_count': 0}, {'comment': 'Hope is not laika', 'replies': None, 'replies_count': 0}, {'comment': 'Gracias, leyendote me has dado otra idea para mi modelo de visiÃ³n artificial ', 'replies': None, 'replies_count': 0}, {'comment': 'Love this', 'replies': None, 'replies_count': 0}, {'comment': 'A great share highlighting how CNNs work.', 'replies': None, 'replies_count': 0}, {'comment': 'Amazing visualisation , Thanks for the amazing share !', 'replies': None, 'replies_count': 0}, {'comment': 'Lovely illustration indeed Gina Acosta GutiÃ©rrez', 'replies': None, 'replies_count': 0}, {'comment': ""Best demonstration of CNNs I've ever seen"", 'replies': None, 'replies_count': 0}, {'comment': 'Nice explanation ğŸ˜ ', 'replies': None, 'replies_count': 0}, {'comment': 'Thanks for sharing', 'replies': None, 'replies_count': 0}, {'comment': 'Sounds interesting! ğŸ‘ğŸ¤”', 'replies': ['What do you think is so interesting?'], 'replies_count': 1}, {'comment': 'impressive', 'replies': None, 'replies_count': 0}, {'comment': 'Very good the demonstration.', 'replies': None, 'replies_count': 0}, {'comment': 'This is so cool! Great demo ğŸ‘', 'replies': None, 'replies_count': 0}, {'comment': 'Amazing explanation... ', 'replies': None, 'replies_count': 0}, {'comment': 'Great visualization! ', 'replies': None, 'replies_count': 0}, {'comment': ""Amin Abbaszadeh You're gonna love this :)"", 'replies': None, 'replies_count': 0}, {'comment': 'Love this!', 'replies': None, 'replies_count': 0}, {'comment': 'Good to know!', 'replies': None, 'replies_count': 0}, {'comment': 'Thats amazingg', 'replies': None, 'replies_count': 0}, {'comment': 'Thanks for sharing', 'replies': None, 'replies_count': 0}, {'comment': 'Great visual representation of CNN !!!', 'replies': None, 'replies_count': 0}, {'comment': 'Brilliant ', 'replies': None, 'replies_count': 0}, {'comment': 'Amazing visual demonstration!', 'replies': None, 'replies_count': 0}, {'comment': 'Thanks for visualisation Gina !', 'replies': None, 'replies_count': 0}, {'comment': 'Awesome!', 'replies': None, 'replies_count': 0}, {'comment': 'Wonderful demostration', 'replies': None, 'replies_count': 0}, {'comment': 'Excellent ', 'replies': None, 'replies_count': 0}, {'comment': 'Prof. Asifullah Khan ', 'replies': None, 'replies_count': 0}, {'comment': 'Neat-o!', 'replies': None, 'replies_count': 0}, {'comment': 'Interesting! And thanks!', 'replies': None, 'replies_count': 0}, {'comment': 'Insightful!', 'replies': None, 'replies_count': 0}, {'comment': 'Interesting!', 'replies': None, 'replies_count': 0}]",84
"As tech professionals, understanding database options is crucial. Today, we'll explore the main types and their best uses:Join me for aÂ Â FREE workshop and discover how to dramatically boost your MongoDB performance by 100x for Analytics and AI.âœ… RSVP here - https://brij.guru/aiHere's what you'll learn:â€¢ Proven techniques to optimize your MongoDB queries â€¢ Configuration tweaks for a significant performance jump â€¢ Practical strategies to handle large datasets efficiently â€¢ How toÂ Â to achieve 100x faster aggregations and analytics on your JSON data â€¢ See real-world benchmarks showcasing the performance difference on sample queries. â€¢ Learn about real-time CDC integration from MongoDBÂ® using a native CDC connector.Relational Databases (RDBMS):Â Â The workhorses! Think MySQL, Oracle, SQL Server. These organize data in tables with clear relationships, making them perfect for complex queries and data integrity. They're the go-to for most business applications.NoSQL Databases:Â Â Flexibility is key here! MongoDB and Cassandra are popular examples. NoSQL handles unstructured data with ease and boasts impressive performance for massive datasets. Ideal for big data, content management, and real-time applications.Graph Databases:Â Â Let's get connected! Neo4j shines when it comes to networked data and social relationships. Graph databases excel at fraud detection, recommendations, and knowledge graphs.Time Series Databases:Â Â All about the time! InfluxDB is built for timestamped, sequenced data. It's a great fit for IoT, DevOps, and sensor data analysis.Object Databases: Think objects, not tables! db4o is an example here. Object databases excel at working with media files, search engines, and engineering design systems.Choosing the Right Database:Â Â It's all about your needs! Data structure, relationships, scalability, and performance all play a role. A solid grasp of the options empowers you to architect optimal systems and leverage the best tools.Have I overlooked anything? Please share your thoughtsâ€”your insights are priceless to me.







    Voir la traduction",https://media.licdn.com/dms/image/D4E22AQEmkVHtwk31yw/feedshare-shrink_800/0/1713271062627?e=1723075200&v=beta&t=cdbZFx5g52WOVQNV-Ip0qlZn3ZAZFo1l0_RZ8Zlvb1U,Image,1706,423,"[{'comment': ""Join my FREE workshop and discover how to dramatically boost your MongoDB performance by 100X.Register Here: https://brij.guru/learnHere's what you'll learn:Proven techniques to optimize your MongoDB queriesConfiguration tweaks for a significant performance jumpPractical strategies to handle large datasets efficientlyDon't miss this opportunity to learn MongoDB and take your skills to the next level!"", 'replies': ['Jyotika Sharma Yes, it is!'], 'replies_count': 1}, {'comment': 'Great depiction, loved it. ', 'replies': ['Khurram Saleem Thank you so much!'], 'replies_count': 1}, {'comment': 'bro, this is awesome. so much details compressed in a single image. Keep sharing great posts. ', 'replies': ['Waqar Azeem Thank you so much for your kind words!'], 'replies_count': 1}, {'comment': 'This is amazing stuff Brij. Thanks a lot for this', 'replies': ['Prasanna Subramaniam Thank you so much!'], 'replies_count': 1}, {'comment': 'Nice info Brij kishore Pandey', 'replies': ['Konda Sambashivudu Thanks!'], 'replies_count': 1}, {'comment': 'Where would you put hierarchical databases ?', 'replies': None, 'replies_count': 0}, {'comment': 'Brij kishore Pandey Hi, nice post, I would like to know which is software you used to generate this image/gif animations look cool. I would love to use this in presentations', 'replies': None, 'replies_count': 0}, {'comment': 'Hi BrijWhat software you are using to have such animated picture ?Please suggest as I have many posts to make.', 'replies': None, 'replies_count': 0}, {'comment': ""It's really valuable information for Data Platform.Well articulated indeed"", 'replies': None, 'replies_count': 0}, {'comment': 'Nice', 'replies': None, 'replies_count': 0}, {'comment': 'ğŸ˜ğŸ¶', 'replies': None, 'replies_count': 0}, {'comment': 'Thank you for sharing', 'replies': None, 'replies_count': 0}, {'comment': 'Database is wide. ', 'replies': None, 'replies_count': 0}, {'comment': 'Nice', 'replies': None, 'replies_count': 0}, {'comment': 'very refined illustration', 'replies': None, 'replies_count': 0}, {'comment': 'Nice Post Brij kishore Pandey ', 'replies': None, 'replies_count': 0}, {'comment': 'Valuable âœ¨', 'replies': None, 'replies_count': 0}, {'comment': 'Wah Pandey Ji, something I was searching for ğŸ‘ ', 'replies': None, 'replies_count': 0}, {'comment': 'Indeed insightful', 'replies': None, 'replies_count': 0}, {'comment': 'Thanks', 'replies': None, 'replies_count': 0}, {'comment': 'Subham Chaudhary ', 'replies': None, 'replies_count': 0}, {'comment': 'Marcus Paulo Marques', 'replies': None, 'replies_count': 0}]",22
"Elevate Your Coding Game with Top Python Libraries! ğŸš€Python enthusiasts, it's time to dive into the ocean of libraries that make our lives easier. Whether you're manipulating data with hashtag#Pandas, crafting cutting-edge hashtag#MachineLearning models with hashtag#ScikitLearn, or visualizing data with hashtag#Matplotlib, Pythonâ€™s versatility is unrivaled.ğŸ” Data Manipulation:Effortlessly handle data with hashtag#NumPy for numerical operations, hashtag#Polars for lightning-fast data frames, or hashtag#Vaex for out-of-core dataframes.ğŸ“Š Data Visualization:Bring your data to life with hashtag#Plotly, create interactive plots with hashtag#Bokeh, or map your insights with hashtag#Folium.ğŸ“ˆ Statistical Analysis:Model your data with hashtag#SciPy, make probabilistic predictions with hashtag#PyMC3, or conduct survival analysis with hashtag#Lifelines.ğŸ¤– Machine Learning:Build neural networks with hashtag#TensorFlow, get experimental with hashtag#JAX, or stay classic with hashtag#Keras.ğŸ—£ï¸ Natural Language Processing:Parse text with hashtag#NLTK, delve into deep learning with hashtag#BERT, or analyze language with hashtag#spaCy.ğŸ’¾ Database Operations:Streamline processes with hashtag#Dask, manage large-scale data with hashtag#Hadoop, or tap into real-time data streams with hashtag#Kafka.ğŸ•’ Time Series Analysis:Forecast the future with hashtag#Prophet, leverage hashtag#AutoTS for automated models, or extract features with hashtag#tsfresh.ğŸŒ Web Scraping:Navigate web content with hashtag#BeautifulSoup, automate browser actions with hashtag#Selenium, or speed through scraping with hashtag#Scrapy.Python is the toolbox for modern developers. Itâ€™s time to leverage these powerful libraries to innovate and optimize your projects. Whatâ€™s your go-to Python library?hashtag#Python hashtag#DataScience hashtag#WebDevelopment hashtag#AI hashtag#Analytics hashtag#BigData hashtag#Tech hashtag#Coding hashtag#Programming hashtag#Developer







    Voir la traduction",https://media.licdn.com/dms/image/D4D22AQFBUVB2bpmyPQ/feedshare-shrink_2048_1536/0/1712536825348?e=1723075200&v=beta&t=_JqVb2wNTeQCbnHV1TaQ3N4FabLjRQQii18LkJSHj9U,Image,881,97,[],0
"Top 5 Kafka use casesKafka was originally built for massive log processing. It retains messages until expiration and lets consumers pull messages at their own pace.Letâ€™s review the popular Kafka use cases.- Log processing and analysis- Data streaming in recommendations- System monitoring and alerting- CDC (Change data capture)- System migrationOver to you: Do you have any other Kafka use cases to share?--Subscribe to our weekly newsletter to get a Free System Design PDF (158 pages): https://bit.ly/3KCnWXqhashtag#systemdesign hashtag#coding hashtag#interviewtips.







    Voir la traduction",https://media.licdn.com/dms/image/D4E22AQFuDc6IF9UQ7g/feedshare-shrink_800/0/1712505219507?e=1723075200&v=beta&t=XzYWTOfRA_olFBKjdd39nMtL_pfF5Ub25N8_nLUb6F0,Image,8236,917,"[{'comment': 'In event driven architecture, for the asynchronous communication between service to service.', 'replies': ['Sumeet Chandra Yes you can use RabbitMQ and Amazon SNS as well. But every tool has its own limitation. For example, SNS does not support multiple consumers for the same message whereas RabbitMQ has the additional feature of supporting the priority queue. So, it depends on your requirements what you will choose for your architecture.'], 'replies_count': 1}, {'comment': ' Alex Xu What is the difference between a socket and a kafka? Same thing we can achieve with a pusher.', 'replies': ['Socket does not give any message storage. If consumer is down and producer sends message to a socket, message will be lost, whereas in Kafka, producer and consumer are decoupled. Even if consumer is down, producer can keep sending data without any data loss.Same goes for scalability. Because websockets are tightly coupled, consumers have to scale according to the producer. In Kafka, producer can lag behind and Kafka will act as a buffer.'], 'replies_count': 1}, {'comment': 'Wonder how it can be used for system monitoring and alerting? What popular tools can be integrated with Kafka?', 'replies': [""Mutha Nagavamsi You can assess the drop percentage of your important metrics by employing a rate of change calculation. If this decline exceeds the threshold you've established, you can trigger an alert. This can be facilitated through various tools such as Flink, Kafka, and Slack""], 'replies_count': 1}, {'comment': ""We've conducted log analysis with Kafka as our initial landing point. However, we've noticed increased latency when retrieving logs from Kafka, which poses a challenge. Another concern is the complexity of implementing log modification and indexing pipelines without introducing Logstash between Kafka and Elasticsearch. This additional layer would complicate the stack and potentially make troubleshooting more challenging. Personally, I've found a simpler solution: forwarding logs using a dedicated log forwarder and then receiving them with Logstash before indexing them into Elasticsearch. This streamlined approach greatly simplifies our workflow and enhances efficiency."", 'replies': [""Tamilarasan Janakiramani had a similar situation.   Take a look at vector.dev.   You can log forward and ETL all with with the same stack and it's super fast ""], 'replies_count': 1}, {'comment': 'How do you make these diagrams ? âœ…ğŸ’¯', 'replies': ['canva or https://drawio-app.com/blog/connector-styles-and-animations-in-draw-io/'], 'replies_count': 1}, {'comment': 'Another key Kafka use case worth highlighting is IoT Data Integration. With the explosion of IoT devices, Kafka shines in ingesting and processing the immense data volumes generated by sensors across smart cities, manufacturing, agriculture, and more - enabling real-time analysis and action on IoT data streams.', 'replies': None, 'replies_count': 0}, {'comment': ""great post highlighting the top use cases..However, it's worth mentioning Kafka's significant role as an event bus in event-driven architecture, which is equally important, enabling async communication between microservices. Just thought it's an essential aspect worth considering as well!"", 'replies': None, 'replies_count': 0}, {'comment': 'Kafka goes very well with ETL tool like Apache NiFi when it comes to streaming and handling of huge chunk of history data.', 'replies': None, 'replies_count': 0}, {'comment': ""Kafka is one of the most important skill in today's time for data engineers. Those who're looking to explore the real time usecases and understand how Kafka works. This post is a real gem to get through various usecases.. Alex Xu Thanks a lot for curating this altogether. "", 'replies': None, 'replies_count': 0}, {'comment': 'Alex Xu May I please ask what tool do you use to draw diagrams like this ??', 'replies': None, 'replies_count': 0}, {'comment': 'Www.ezifitter.com', 'replies': None, 'replies_count': 0}, {'comment': "" It's great to see how versatile Kafka can be beyond just log processing. I've found it particularly useful for real-time analytics in e-commerce platforms. Alex Xu"", 'replies': None, 'replies_count': 0}, {'comment': 'Apache Pinot is one of other realtime analytical databases which could be ingested data from Kafka for developing many realtime data products where freshness of data is critical like less than a minute freshness. There are many such architectural pattern where Kafka/Pulsar/Redpanda is the real game changing technology stack in realtime processing space.', 'replies': None, 'replies_count': 0}, {'comment': ""When evaluating Apache Kafka, it's important to carefully assess the specific requirements, data volumes, performance needs, and operational capabilities to determine if the benefits outweigh the additional complexity and resource demands."", 'replies': None, 'replies_count': 0}, {'comment': ""It's great for streams.But while using it, we should keep in mind logics stays on producer side because as compared to RabbitMq where consumer is intelligent, here in Kafka producer need to be intelligent. "", 'replies': None, 'replies_count': 0}, {'comment': 'Is there an explanation (article, blogpost, etc.) why Kafka may be needed between services and Elastic?What I mean is our services work fine and their logs are put to Elastic by Elastic filebeat. Why filebeat may require a replacement like Kafka?', 'replies': None, 'replies_count': 0}, {'comment': ""As developers don't need to do anything extra other than write log into application console, EFK(Elasticsearch, Fluentd and Kibana) is more effective than producing logs into Kafka for your K8s cluster."", 'replies': None, 'replies_count': 0}, {'comment': ""At what point is Kafka useful for this, I assume you'd need to reach a certain level of data/ingest to expend the compute for kafka"", 'replies': None, 'replies_count': 0}, {'comment': 'Kafka and Flink is a very powerful combination allowing to solve complex joins of unbounded streams and perform aggregation in real time', 'replies': None, 'replies_count': 0}, {'comment': 'Great insights, Alex Xu! Your breakdown of the top 5 Kafka use cases is incredibly informative. Your expertise in this area shines through. Thank you for sharing your knowledge on this topic. ', 'replies': None, 'replies_count': 0}, {'comment': 'I prefer Loki, promtail cluster for log monitoring and alerting over Kafka streamline with logstash which is basically more complex design in integration than Loki. ', 'replies': None, 'replies_count': 0}, {'comment': 'This is a great summary of the top Kafka use cases!\xa0Log processing and message queuing are definitely some of the first things that come to mind.', 'replies': None, 'replies_count': 0}, {'comment': 'Awesome graphics! What software do you use for this?', 'replies': None, 'replies_count': 0}, {'comment': 'Cas Teeuwen Emma Ambags Joep Beurskens', 'replies': None, 'replies_count': 0}, {'comment': 'Vaibhav Gupta', 'replies': None, 'replies_count': 0}, {'comment': 'Why not using Kinesis while you are using majorly Aws services in your pipeline?', 'replies': None, 'replies_count': 0}, {'comment': ' Great insights, Alex! Your expertise in Kafka use cases is truly impressive. Your in-depth understanding and clear explanation make it easier for everyone to grasp. Keep up the great work! ', 'replies': None, 'replies_count': 0}, {'comment': 'Anyone Assist me to create these kinds of design', 'replies': None, 'replies_count': 0}, {'comment': ""Great breakdown of Kafka's top use cases! ğŸ’¡ Looking forward to exploring more possibilities with it. Alex Xu"", 'replies': None, 'replies_count': 0}, {'comment': 'Can you do a comparison with another message broker like rabbit MQ ?', 'replies': ['Sajad Rezaeian , As per my knowledge Kafka is a lightweight compared to rabbitmq, rabbit is timetaking to learn compared to Kafka. Rabbit runs on AMQ protocol in simple terms for small or single messages we generally use rabbitmq for large data for streaming itâ€™s recommended to use Kafka.'], 'replies_count': 1}, {'comment': 'Thanks for posting', 'replies': None, 'replies_count': 0}, {'comment': 'how to make animated diagram like this ', 'replies': None, 'replies_count': 0}, {'comment': 'veramente bella rappresentazione, utile e illuminante.', 'replies': None, 'replies_count': 0}, {'comment': 'Kafka vs Websockets?', 'replies': None, 'replies_count': 0}, {'comment': 'What a great info-graphic. Super creative', 'replies': None, 'replies_count': 0}, {'comment': 'Managing the state of streaming data', 'replies': None, 'replies_count': 0}, {'comment': 'This is just amazing, thanks for posting! ', 'replies': None, 'replies_count': 0}, {'comment': 'Can someone explain how Kafka helps in the System Migration section?', 'replies': None, 'replies_count': 0}, {'comment': 'Nice', 'replies': None, 'replies_count': 0}, {'comment': 'This will help me', 'replies': None, 'replies_count': 0}, {'comment': 'Ayman Kotb, DBA â€˜Doctorate of Business Administrationâ€™ Mohamed Badr Kareem Mortada Abdelrahman Said ', 'replies': None, 'replies_count': 0}, {'comment': 'Uow!!! So nice. Tks for sharing!', 'replies': None, 'replies_count': 0}, {'comment': 'Thanks for sharing these valuable insights into Kafka use cases! ğŸ”¥', 'replies': None, 'replies_count': 0}, {'comment': 'can you give me full project', 'replies': None, 'replies_count': 0}, {'comment': 'Leonardo FranÃ§a Rodrigo de Oliveira Beltrami Saulo Santos Charles Ferreira Gobber', 'replies': None, 'replies_count': 0}, {'comment': ',', 'replies': None, 'replies_count': 0}, {'comment': 'Florian TSUALA', 'replies': None, 'replies_count': 0}, {'comment': 'Shivam Saxena ', 'replies': None, 'replies_count': 0}, {'comment': 'easylovestyle.com', 'replies': None, 'replies_count': 0}, {'comment': 'hmmm', 'replies': None, 'replies_count': 0}, {'comment': 'Great visual depiction Alex Xu ğŸ‘', 'replies': None, 'replies_count': 0}, {'comment': 'Nandha FYI â˜ï¸ ', 'replies': None, 'replies_count': 0}, {'comment': 'Thiago Martins de Carvalho', 'replies': None, 'replies_count': 0}, {'comment': 'Guilherme Andrade', 'replies': None, 'replies_count': 0}, {'comment': 'Diego Oliveira', 'replies': None, 'replies_count': 0}, {'comment': 'Alan de Oliveira', 'replies': None, 'replies_count': 0}, {'comment': 'Rafael FerrÃ©s ', 'replies': None, 'replies_count': 0}, {'comment': 'Muneeb Ahmad Hashmi ', 'replies': None, 'replies_count': 0}, {'comment': 'Well said', 'replies': None, 'replies_count': 0}, {'comment': 'KAFKA â€”> SAP DI â€”> BW4HANA', 'replies': None, 'replies_count': 0}, {'comment': 'Great as always! thanks :)', 'replies': None, 'replies_count': 0}, {'comment': 'Muhammad Adeel', 'replies': None, 'replies_count': 0}, {'comment': 'Great graphic', 'replies': None, 'replies_count': 0}, {'comment': 'Marcelo Friz GonzÃ¡lez', 'replies': None, 'replies_count': 0}, {'comment': 'Everaldo Oliveira ', 'replies': None, 'replies_count': 0}, {'comment': 'Mohit Verma ', 'replies': None, 'replies_count': 0}, {'comment': 'Vitor Tanan Borges', 'replies': None, 'replies_count': 0}, {'comment': 'Marco Bragado ', 'replies': None, 'replies_count': 0}, {'comment': 'Alexander Romanischin ğŸ˜œ', 'replies': None, 'replies_count': 0}, {'comment': 'Great graphic for Kafka use cases!', 'replies': None, 'replies_count': 0}, {'comment': 'Rafaella GuimarÃ£es Venturini ', 'replies': None, 'replies_count': 0}, {'comment': 'CDC Kafka with Debezium', 'replies': None, 'replies_count': 0}, {'comment': ""Nice summary of the breadth of Kafka's capabilities!"", 'replies': None, 'replies_count': 0}, {'comment': 'Faridh Wisanggeni Look! ', 'replies': None, 'replies_count': 0}, {'comment': 'Dan Mandich :) For you', 'replies': None, 'replies_count': 0}, {'comment': 'Great streams!', 'replies': None, 'replies_count': 0}, {'comment': 'As the tech layoffs continues, a big shout out to all the job seekers and recruiters worldwide to join hands and make a difference in the larger global community for good. Please join in the â€œOpen to work (for job seekers and recruiters worldwide)â€ A LinkedIn group where 20K + members come together to exchange ideas, updates related to the job market also to share the list of current openings they are working on etc.  Apart from this, we also post thousands of jobs every week related to various domains, roles across the globe. Joining link below: https://www.linkedin.com/groups/14197321/ Good luck! hashtag#helpinghandhashtag#opentoworkhashtag#jobopportunities  ', 'replies': None, 'replies_count': 0}, {'comment': 'Nicely depicted.Awesome!!', 'replies': None, 'replies_count': 0}, {'comment': 'BÃ©ranger GUEDOU', 'replies': None, 'replies_count': 0}, {'comment': ""Oh! My god, I've been looking for this! Thanks, man."", 'replies': None, 'replies_count': 0}, {'comment': 'Love this!', 'replies': None, 'replies_count': 0}, {'comment': 'I wonder', 'replies': None, 'replies_count': 0}, {'comment': 'I thought I was reading a honkai star rail post for a moment, then I remembered this was linkdn ', 'replies': None, 'replies_count': 0}, {'comment': 'your expertise in Kafka use cases is truly impressive', 'replies': None, 'replies_count': 0}, {'comment': ""Salamat po ser,ma'am, palewanag."", 'replies': None, 'replies_count': 0}, {'comment': ""I'm trying to get through all this confusion for a security job. How do you get into applying for a security position. I've had 49 years of security experience. I'm in Pickens, sc Ty, Victoria Fogg (864)6402623. Please give me some direction on where to go from here. "", 'replies': None, 'replies_count': 0}, {'comment': 'this is so cool ', 'replies': None, 'replies_count': 0}, {'comment': 'Juncheng Chen', 'replies': None, 'replies_count': 0}, {'comment': 'Fepri Putra Panghurian ', 'replies': None, 'replies_count': 0}, {'comment': ""Wow I've been subscribing to your Youtube channel for a few months :)"", 'replies': None, 'replies_count': 0}, {'comment': 'kafka is exellent but binding with Java platform.', 'replies': None, 'replies_count': 0}, {'comment': 'Hey! New topic I have heard today ğŸ˜Š, Can you provide a basic intro to Kafka or redirect to source that does ? ', 'replies': None, 'replies_count': 0}, {'comment': 'You can add one more thing related to multithreading by using ids, partitions, clusters and topics', 'replies': None, 'replies_count': 0}, {'comment': 'Petar Georgiev', 'replies': None, 'replies_count': 0}, {'comment': 'i like the visualization and i like kafka a lot.another use case is ""cloud data vending like aws marketshare thru microservice"" --- data monetization from telco premium data i.e.,  for insurance, credit applications, ad.', 'replies': None, 'replies_count': 0}, {'comment': 'MOHAMED ABDUL-SALAM Mohammedz6', 'replies': None, 'replies_count': 0}]",96
"ğ—ªğ—µğ—®ğ˜ ğ—¶ğ˜€ ğ—ğ—®ğ—³ğ—¸ğ—®?Apache Kafka is a distributed, fault-tolerant, and highly scalable pub-sub messaging system. It enables applications to both publish and subscribe to real-time data feeds, boasting high throughput for both producers and consumers of record streams, and facilitating the real-time processing of these data streams.ğ—ªğ—µğ—®ğ˜ ğ—¶ğ˜€ ğ—ğ—®ğ—³ğ—¸ğ—® ğ—¦ğ˜ğ—¿ğ—²ğ—®ğ—ºğ—¶ğ—»ğ—´?Kafka Streams is a powerful client library for stream processing, deeply integrated with Apache Kafka. It allows for the transformation and analysis of data stored in Kafka topics.ğ—ğ—®ğ—³ğ—¸ğ—® ğ˜ƒğ˜€. ğ—­ğ—²ğ—¿ğ—¼-ğ—–ğ—¼ğ—½ğ˜† ğ—ğ—®ğ—³ğ—¸ğ—®: ğ——ğ—¶ğ˜€ğ˜ğ—¶ğ—»ğ—°ğ˜ ğ—™ğ—²ğ—®ğ˜ğ˜‚ğ—¿ğ—²ğ˜€Traditional Kafka is renowned for its rapid data processing capabilities. However, 'zero-copy' Kafka enhances this further by utilizing an optimized data transfer mechanism. It circumvents the traditional application layer, transferring data directly from the file system cache to the network socket buffer. This minimizes CPU overhead and reduces data copying (hence 'zero-copy'), resulting in significantly improved throughput and reduced latency. Essentially, Zero-Copy Kafka provides an accelerated version of Kafka, tailored for even more efficient data handling.ğ—§ğ—¼ğ—½ ğŸ± ğ—ğ—®ğ—³ğ—¸ğ—® ğ—¨ğ˜€ğ—² ğ—–ğ—®ğ˜€ğ—²ğ˜€:1. ğ——ğ—®ğ˜ğ—® ğ—¦ğ˜ğ—¿ğ—²ğ—®ğ—ºğ—¶ğ—»ğ—´: Kafka acts as a real-time conduit for high-volume data streams, analogous to channeling a dynamic river of information. It empowers the creation of applications that are capable of immediate data transformation and reaction as the information flows between various systems.2. ğ—Ÿğ—¼ğ—´ ğ—”ğ—´ğ—´ğ—¿ğ—²ğ—´ğ—®ğ˜ğ—¶ğ—¼ğ—»: Kafka addresses the challenge of managing colossal volumes of log data generated every second. It provides a unified, high-throughput, and low-latency platform for handling real-time data feeds, thereby becoming an optimal solution for efficient log aggregation in distributed system architectures.3. ğ— ğ—²ğ˜€ğ˜€ğ—®ğ—´ğ—² ğ—¤ğ˜‚ğ—²ğ˜‚ğ—²: In modern architectures, particularly those employing microservices, Kafka serves as an advanced message queuing system. It offers significant advantages over traditional message queues, with its inherent scalability, built-in fault tolerance, replication capabilities, and high durability.4. ğ—ªğ—²ğ—¯ ğ—”ğ—°ğ˜ğ—¶ğ˜ƒğ—¶ğ˜ğ˜† ğ—§ğ—¿ğ—®ğ—°ğ—¸ğ—¶ğ—»ğ—´: Kafka is adept at meticulously tracking web activities such as page views, searches, and uploads, in a real-time and large-scale manner. It acts as a continuous monitor of user interactions on websites, providing invaluable insights for user experience enhancements.5. ğ——ğ—®ğ˜ğ—® ğ—¥ğ—²ğ—½ğ—¹ğ—¶ğ—°ğ—®ğ˜ğ—¶ğ—¼ğ—»: Kafka plays a pivotal role in the reliable and consistent transfer of data between different systems. It acts as a robust and fault-tolerant medium, ensuring seamless data replication and synchronization across distributed systems.â¡ Stay tuned and make sure to follow us at Data and AI Central ğŸš€ for more FREE resources!hashtag#data hashtag#datascience hashtag#technology hashtag#programming hashtag#coding hashtag#tech hashtag#learning







    Voir la traduction",https://media.licdn.com/dms/image/D4E22AQFO4Q8-F0EpYg/feedshare-shrink_2048_1536/0/1711333119906?e=1723075200&v=beta&t=wEHIIjHxBsiwmK5l8Ap8jbG3WSdSjqG82N8benemJdg,Image,896,174,"[{'comment': 'Fascinating breakdown, really puts things into perspective!', 'replies': None, 'replies_count': 0}, {'comment': 'Kafka is really useful for bringing together data from different sources quickly and reliably. It helps make sure that data is available right away across different systems, which is important for modern data setups.', 'replies': None, 'replies_count': 0}, {'comment': 'Nicely captured. Thanks for sharing!', 'replies': None, 'replies_count': 0}, {'comment': 'Great Breakdown! Data and AI Central ', 'replies': None, 'replies_count': 0}, {'comment': 'ğŸ‘ ğŸ™Œ ğŸ‘ ', 'replies': None, 'replies_count': 0}, {'comment': 'Good', 'replies': None, 'replies_count': 0}, {'comment': ""Kafka's role in data replication is crucial, thanks for sharing!"", 'replies': None, 'replies_count': 0}, {'comment': 'Thanks for sharing.', 'replies': None, 'replies_count': 0}, {'comment': 'Great breakdown of Kafka use cases!', 'replies': None, 'replies_count': 0}]",9
,https://media.licdn.com/dms/image/D4D05AQFxuAOslI54Yw/videocover-high/0/1711559007427?e=1720713600&v=beta&t=7wGuyyunzfQLBecurzNPAHBRZ1KKMn-Q3FyFNK7gxRE,Video,8,0,[],0
